platform,date,title,location,contact
https://www.atodomotor.com/agenda/2019,6 - 17 Enero 2019,Rally Dakar 2019,Raid,
https://www.atodomotor.com/agenda/2019,27 Enero 2019,Rally de Montecarlo WRC 2019,WRC,
https://www.atodomotor.com/agenda/2019,16 Febrero 2019,Rally Sprint La Candelaria - Tías 2019,Rally Sprint,
https://www.atodomotor.com/agenda/2019,16 Febrero 2019,7 Subida a Palo Blanco,Montaña,
https://www.atodomotor.com/agenda/2019,17 Febrero 2019,Rally de Suecia WRC 2019,WRC,
https://www.atodomotor.com/agenda/2019,9 Marzo 2019,Subida de Juncalillo 2019,Montaña,
https://www.atodomotor.com/agenda/2019,9 Marzo 2019,Rallye Tierras Altas de Lorca 2019,Tierra,
https://www.atodomotor.com/agenda/2019,10 Marzo 2019,Rally de México WRC 2019,WRC,
https://www.atodomotor.com/agenda/2019,15 - 16 Marzo 2019,67 Rally Costa Brava,Rally,
https://www.atodomotor.com/agenda/2019,16 Marzo 2019,XXXV Rallye Villa de Santa Brígida,Rally,
https://www.atodomotor.com/agenda/2019,17 Marzo 2019,Gran Premio de Australia 2019,Fórmula 1,
https://www.atodomotor.com/agenda/2019,17 Marzo 2019,VII Subida Villa de Pravia,Montaña,
https://www.atodomotor.com/agenda/2019,21 - 23 Marzo 2019,Rally Azores Airlines ERC 2019,ERC,
https://www.atodomotor.com/agenda/2019,23 Marzo 2019,I Slalom de ADEA 2019,Slalom,
https://www.atodomotor.com/agenda/2019,23 Marzo 2019,Subida Montaña Alta 2019,Montaña,
https://www.atodomotor.com/agenda/2019,23 Marzo 2019,35 Rallye Orvecame Norte,Rally,
https://www.atodomotor.com/agenda/2019,23 Marzo 2019,37 Rallye Sierra Morena,Rally,
https://www.atodomotor.com/agenda/2019,24 Marzo 2019,I Slalom CDIC 2019,Slalom,
https://www.atodomotor.com/agenda/2019,31 Marzo 2019,Gran Premio de Bahrein 2019,Fórmula 1,
https://www.atodomotor.com/agenda/2019,31 Marzo 2019,Rally de Francia WRC 2019,WRC,
https://www.atodomotor.com/agenda/2019,6 Abril 2019,Rally Sprint de Atogo 2019,Rally Sprint,
https://www.atodomotor.com/agenda/2019,6 Abril 2019,Rallye Tierra Pozoblanco 2019,Tierra,
https://www.atodomotor.com/agenda/2019,12 - 13 Abril 2019,IV Rally Tías - Yaiza,Rally,
https://www.atodomotor.com/agenda/2019,13 Abril 2019,XV Subida Los Loros,Montaña,
https://www.atodomotor.com/agenda/2019,13 Abril 2019,3 Subida San Isidro,Montaña,
https://www.atodomotor.com/agenda/2019,14 Abril 2019,Gran Premio de China 2019,Fórmula 1,
https://www.atodomotor.com/agenda/2019,14 Abril 2019,Subida de Tejeda 2019,Montaña,
https://www.atodomotor.com/agenda/2019,27 Abril 2019,Rally Sprint Artenara 2019,Rally Sprint,
https://www.atodomotor.com/agenda/2019,27 Abril 2019,Rally Circuito de Navarra,Tierra,
https://www.atodomotor.com/agenda/2019,28 Abril 2019,Gran Premio de Azerbaiyán 2019,Fórmula 1,
https://www.atodomotor.com/agenda/2019,28 Abril 2019,Rally de Argentina WRC 2019,WRC,
https://www.atodomotor.com/agenda/2019,2 - 4 Mayo 2019,43 Rally Islas Canarias ERC,ERC,
https://www.atodomotor.com/agenda/2019,11 Mayo 2019,Rallye Villa de Adeje 2019,Rally,
https://www.atodomotor.com/agenda/2019,12 Mayo 2019,Gran Premio de España 2019,Fórmula 1,
https://www.atodomotor.com/agenda/2019,12 Mayo 2019,Rally de Chile WRC 2019,WRC,
https://www.atodomotor.com/agenda/2019,18 Mayo 2019,Slalom Arico 2019,Slalom,
https://www.atodomotor.com/agenda/2019,18 Mayo 2019,Subida Degollada de Peraza 2019,Montaña,
https://www.atodomotor.com/agenda/2019,18 Mayo 2019,XX Rallye de Tierra Isla Verde,Tierra,
https://www.atodomotor.com/agenda/2019,18 Mayo 2019,XVIII Subida a La Pasadilla,Montaña,
https://www.atodomotor.com/agenda/2019,24 - 26 Mayo 2019,Rally Liepaja ERC 2019,ERC,
https://www.atodomotor.com/agenda/2019,25 Mayo 2019,Rallye Terra da Auga 2019,Tierra,
https://www.atodomotor.com/agenda/2019,26 Mayo 2019,Gran Premio de Mónaco 2019,Fórmula 1,
https://www.atodomotor.com/agenda/2019,31 Mayo - 1 Junio 2019,12 Rallye Cielo de La Palma,Rally Sprint,
https://www.atodomotor.com/agenda/2019,1 Junio 2019,Rallye Isla de Gran Canaria 2019,Rally,
https://www.atodomotor.com/agenda/2019,2 Junio 2019,Rally de Portugal WRC 2019,WRC,
https://www.atodomotor.com/agenda/2019,7 - 8 Junio 2019,52 Rallye Ourense,Rally,
https://www.atodomotor.com/agenda/2019,8 - 9 Junio 2019,Subida a Guía de Isora 2019,Montaña,
https://www.atodomotor.com/agenda/2019,9 Junio 2019,Gran Premio de Canadá 2019,Fórmula 1,
https://www.atodomotor.com/agenda/2019,15 - 16 Junio 2019,24 Horas de Le Mans 2019,Circuito,
https://www.atodomotor.com/agenda/2019,15 Junio 2019,Rallye Puerto del Rosario 2019,Tierra,
https://www.atodomotor.com/agenda/2019,16 Junio 2019,Rally de Italia WRC 2019,WRC,
https://www.atodomotor.com/agenda/2019,22 Junio 2019,II Slalom de ADEA 2019,Slalom,
https://www.atodomotor.com/agenda/2019,22 Junio 2019,Rally Do Cocido 2019,Rally,
https://www.atodomotor.com/agenda/2019,22 Junio 2019,Rallye Villa de Granadilla 2019,Rally,
https://www.atodomotor.com/agenda/2019,22 Junio 2019,Subida de Haría 2019,Montaña,
https://www.atodomotor.com/agenda/2019,23 Junio 2019,Gran Premio de Francia 2019,Fórmula 1,
https://www.atodomotor.com/agenda/2019,28 - 30 Junio 2019,Rally de Polonia ERC 2019,ERC,
https://www.atodomotor.com/agenda/2019,29 Junio 2019,Subida Arucas 2019,Montaña,
https://www.atodomotor.com/agenda/2019,29 Junio 2019,Rallye de Astorga 2019,Tierra,
https://www.atodomotor.com/agenda/2019,29 Junio 2019,Subida Santo Domingo 2019,Montaña,
https://www.atodomotor.com/agenda/2019,29 Junio 2019,Rallye Tierras del Teide 2019,Tierra,
https://www.atodomotor.com/agenda/2019,30 Junio 2019,Gran Premio de Austria 2019,Fórmula 1,
https://www.atodomotor.com/agenda/2019,6 Julio 2019,Rally Sprint Tomás Viera 2019,Rally Sprint,
https://www.atodomotor.com/agenda/2019,13 Julio 2019,30 Subida La Faya Los Lobos,Montaña,
https://www.atodomotor.com/agenda/2019,13 Julio 2019,46 Rallye Senderos de La Palma,Rally,
https://www.atodomotor.com/agenda/2019,14 Julio 2019,Gran Premio de Gran Bretaña 2019,Fórmula 1,
https://www.atodomotor.com/agenda/2019,19 - 21 Julio 2019,Rally di Roma Capitale ERC 2019,ERC,
https://www.atodomotor.com/agenda/2019,19 - 20 Julio 2019,50 Rallye de Ferrol,Rally,
https://www.atodomotor.com/agenda/2019,20 Julio 2019,III Slalom de ADEA 2019,Slalom,
https://www.atodomotor.com/agenda/2019,20 Julio 2019,Subida de Betancuria 2019,Montaña,
https://www.atodomotor.com/agenda/2019,20 Julio 2019,Rallye Ciudad de La Laguna 2019,Rally,
https://www.atodomotor.com/agenda/2019,26 - 27 Julio 2019,Baja Aragón Coches / Camiones,Raid,
https://www.atodomotor.com/agenda/2019,26 - 27 Julio 2019,Baja Aragón Motos / Quads,Raid,
https://www.atodomotor.com/agenda/2019,27 Julio 2019,Rallye Comarca Norte 2019,Rally,
https://www.atodomotor.com/agenda/2019,27 Julio 2019,Slalom de Tinajo 2019,Slalom,
https://www.atodomotor.com/agenda/2019,28 Julio 2019,Gran Premio de Alemania 2019,Fórmula 1,
https://www.atodomotor.com/agenda/2019,3 Agosto 2019,42 Subida a Barlovento,Montaña,
https://www.atodomotor.com/agenda/2019,4 Agosto 2019,II Slalom CDIC 2019,Slalom,
https://www.atodomotor.com/agenda/2019,4 Agosto 2019,Gran Premio de Hungría 2019,Fórmula 1,
https://www.atodomotor.com/agenda/2019,4 Agosto 2019,Rally de Finlandia WRC 2019,WRC,
https://www.atodomotor.com/agenda/2019,16 - 18 Agosto 2019,Rally Barum Czech ERC 2019,ERC,
https://www.atodomotor.com/agenda/2019,25 Agosto 2019,Rally de Alemania WRC 2019,WRC,
https://www.atodomotor.com/agenda/2019,31 Agosto 2019,Rallye de Antigua 2019,Tierra,
https://www.atodomotor.com/agenda/2019,31 Agosto 2019,44 Rallye Ciudad de Telde,Rally,
https://www.atodomotor.com/agenda/2019,1 Septiembre 2019,Gran Premio de Bélgica 2019,Fórmula 1,
https://www.atodomotor.com/agenda/2019,7 Septiembre 2019,Subida La Cumbre 2019,Montaña,
https://www.atodomotor.com/agenda/2019,7 Septiembre 2019,Rallye Villa de Teguise 2019,Rally,
https://www.atodomotor.com/agenda/2019,8 Septiembre 2019,Gran Premio de Italia 2019,Fórmula 1,
https://www.atodomotor.com/agenda/2019,14 Septiembre 2019,IV Slalom de ADEA 2019,Slalom,
https://www.atodomotor.com/agenda/2019,14 Septiembre 2019,Rallye Princesa de Asturias 2019,Rally,
https://www.atodomotor.com/agenda/2019,15 Septiembre 2019,III Slalom CDIC 2019,Slalom,
https://www.atodomotor.com/agenda/2019,15 Septiembre 2019,Rally de Turquía WRC 2019,WRC,
https://www.atodomotor.com/agenda/2019,20 - 21 Septiembre 2019,45 Rallye La Palma Isla Bonita,Rally,
https://www.atodomotor.com/agenda/2019,21 Septiembre 2019,Subida Fataga 2019,Montaña,
https://www.atodomotor.com/agenda/2019,21 Septiembre 2019,Slalom La Piconera 2019,Slalom,
https://www.atodomotor.com/agenda/2019,22 Septiembre 2019,Gran Premio de Singapur 2019,Fórmula 1,
https://www.atodomotor.com/agenda/2019,27 - 29 Septiembre 2019,Rally de Chipre ERC 2019,ERC,
https://www.atodomotor.com/agenda/2019,28 Septiembre 2019,Gran Canaria Historic Rallye 2019,Rally,
https://www.atodomotor.com/agenda/2019,28 Septiembre 2019,Rallye Villa de Llanes 2019,Rally,
https://www.atodomotor.com/agenda/2019,28 Septiembre 2019,Rallye Villa de Teror 2019,Rally,
https://www.atodomotor.com/agenda/2019,29 Septiembre 2019,Gran Premio de Rusia 2019,Fórmula 1,
https://www.atodomotor.com/agenda/2019,5 Octubre 2019,Rallye Rías Altas Histórico 2019,Rally,
https://www.atodomotor.com/agenda/2019,5 Octubre 2019,45 Subida a Tamaimo,Montaña,
https://www.atodomotor.com/agenda/2019,6 Octubre 2019,Rally de Gran Bretaña WRC 2019,WRC,
https://www.atodomotor.com/agenda/2019,11 - 12 Octubre 2019,40 Rallye Santander Cantabria,Rally,
https://www.atodomotor.com/agenda/2019,12 Octubre 2019,Subida de Moya 2019,Montaña,
https://www.atodomotor.com/agenda/2019,13 Octubre 2019,Gran Premio de Japón 2019,Fórmula 1,
https://www.atodomotor.com/agenda/2019,19 Octubre 2019,2 Rally Sprint Encanto Rural,Rally Sprint,
https://www.atodomotor.com/agenda/2019,19 Octubre 2019,Rallye Ciudad de Granada 2019,Tierra,
https://www.atodomotor.com/agenda/2019,26 Octubre 2019,V Slalom de ADEA 2019,Slalom,
https://www.atodomotor.com/agenda/2019,26 Octubre 2019,Rally Sprint La Gomera 2019,Rally Sprint,
https://www.atodomotor.com/agenda/2019,26 Octubre 2019,Rallye de Maspalomas 2019,Rally,
https://www.atodomotor.com/agenda/2019,27 Octubre 2019,Gran Premio de México 2019,Fórmula 1,
https://www.atodomotor.com/agenda/2019,27 Octubre 2019,Rally de Cataluña WRC 2019,WRC,
https://www.atodomotor.com/agenda/2019,1 - 2 Noviembre 2019,Rallye Isla de Los Volcanes 2019,Tierra,
https://www.atodomotor.com/agenda/2019,2 Noviembre 2019,24 Subida Icod - La Guancha,Montaña,
https://www.atodomotor.com/agenda/2019,3 Noviembre 2019,Gran Premio de Estados Unidos 2019,Fórmula 1,
https://www.atodomotor.com/agenda/2019,8 - 10 Noviembre 2019,Rally de Hungría ERC 2019,ERC,
https://www.atodomotor.com/agenda/2019,9 Noviembre 2019,Rally Sprint Era del Cardón 2019,Rally Sprint,
https://www.atodomotor.com/agenda/2019,9 Noviembre 2019,Rallye La Nucía 2019,Rally,
https://www.atodomotor.com/agenda/2019,9 Noviembre 2019,Rallye de Tierra de La Oliva 2019,Tierra,
https://www.atodomotor.com/agenda/2019,16 Noviembre 2019,Rallye Isla de Tenerife 2019,Rally,
https://www.atodomotor.com/agenda/2019,16 Noviembre 2019,Rallye de Tierra de Madrid 2019,Tierra,
https://www.atodomotor.com/agenda/2019,17 Noviembre 2019,Gran Premio de Brasil 2019,Fórmula 1,
https://www.atodomotor.com/agenda/2019,17 Noviembre 2019,Rally de Australia WRC 2019,WRC,
https://www.atodomotor.com/agenda/2019,23 Noviembre 2019,Slalom El Hierro 2019,Slalom,
https://www.atodomotor.com/agenda/2019,23 Noviembre 2019,X Rally Comunidad de Madrid - RACE,Rally,
https://www.atodomotor.com/agenda/2019,30 Noviembre 2019,Rallye Isla de Lanzarote 2019,Rally,
https://www.atodomotor.com/agenda/2019,1 Diciembre 2019,Gran Premio de Abu Dhabi 2019,Fórmula 1,
https://www.atodomotor.com/agenda/2019,7 Diciembre 2019,Slalom Memorial Jorge Santana 2019,Slalom,
https://www.atodomotor.com/agenda/2019,14 Diciembre 2019,Rallye Tierra Gran Canaria 2019,Tierra,
https://www.atodomotor.com/agenda/2019,14 Diciembre 2019,Rally Sprint La Vega Nueva 2019,Rally Sprint,
